productID,review,rank
12371246,"The delivery was good and the installation was good. Yong The existing refrigerator is not broken, but I changed it because it's too small. But it's good that the price is strong compared to the liter. It doesn't suit my home and I'm going to use it alone. I bought it because it wasn't right. I heard the sound in the lower compartment. I haven't checked it now, but I think I need to watch more. The dragon's design is pretty",4
12371246,It's perfect for family use. It's perfect for looking for a size that fits my home.,5
12371246,"The installers are the best. They called me to take out the things in the refrigerator before arrival. Two people came and exchanged a sign in a way of encouraging and caring for each other, and they took care of their work at the front door. The Samsung refrigerator is very good at cleaning and getting rid of it. First of all, I used a refrigerator for years and changed it. After installing a Samsung that has no breakdown, I went on a trip to Ganghwa Park right away. It's the perfect size for both refrigerated and frozen bread bread",5
12371246,"I bought and canceled many times because of the size of the front door. The refrigerator is just usable, but the freezer is small, so I found a double-door. I did the delivery right away and the drivers who delivered the delivery were very kind. I used an old refrigerator and it was a double-door door.",5
12371246,"Delivery is fast, installation is fast, and I am very satisfied. I used a ladder car because it was on the floor, but even though there were some obstacles, I climbed together without complaining and raised and lowered without complaining about the electric wire.",5
12371246,You installed it very carefully. The price is cheap and the design is good.,5
12371246,"You had a lot of trouble installing it. Moreover, it was a small residential area, and there were a lot of electric cords to put it up to the floor, and it rained. Thank you again. It's a fitted refrigerator, but I was worried that it was small, but it was enough to use it very well. I like it.",5
12371246,"Samsung officials come out and install it. The installation is fast. The refrigerator is in good condition, so I highly recommend it.",5
12371246,I bought this model after looking at the small ones because the two-door refrigerators that are sold these days,5
12371246,"I like the refrigerator The price is a bit expensive, but the two drivers come and install it.",5
12371246,"It was reliable because it was a Samsung refrigerator, and it was easy to enter the front door because it was a slim design.",5
12371246,"The size, performance, and design are all good, but the high frequency that beeps keeps coming, so the driver visited once, but the driver said he couldn't hear the decibels. Another driver is visiting again tomorrow and I want to know the cause, but the refrigerator is good.",4
12371246,"Delivery is very fast. After remodeling, it is canceled and refreshed due to the size of the refrigerator. I like it because it is a semi-built-in, or it is not cold.",5
12371246,I changed the old refrigerator. I was satisfied with the size and it was dark gray rather than black. I like the storage.,5
12371246,I like all the design features The delivery and installation drivers are also very kind and it fits the metallic atmosphere.,5
12371246,"I haven't used it, but I'll use it with confidence in a good Samsung maker.",5
12371246,"The refrigerator is small, but I think it¡¯s easy to use. I¡¯m satisfied.",5
12371246,"The size is just right, the design is just right, and I love it",5
12371246,"The refrigerator in front of the front was too big to fit and looked stuffy, but the one I bought this time fits well with the right size.",5
12371246,I'm satisfied I'm so satisfied that it doesn't stick out in the built-in seat,5
12371246,"Delivery was remarkably fast and the driver was friendly because it was Samsung's official, and the product performance was a lot of trouble, but it's the best I bought.",5
12371246,The driver is friendly and I like the design. The storage is good.,5
12371246,"It¡¯s so pretty, it¡¯s simple, it¡¯s luxurious, it¡¯s a little annoying, but I have to contact Samsung",4
12371246,"I like the wife very, very much. I was going to buy it with a large liter, but I think it was good to have a smaller capacity.",5
12371246,It¡¯s the right size for three household items. The color is more luxurious than I thought.,5
